{
    "Abberath's Fury": "\/imgs\/skills\/Abberath's_Fury.png",
    "Abyssal Cry": "\/imgs\/skills\/Abyssal_Cry.png",
    "Ancestral Protector": "\/imgs\/skills\/Ancestral_Protector.png",
	"Storm Burst": "\/imgs\/skills\/Storm_Burst.png",
    "Dark Pact": "\/imgs\/skills\/Dark_Pact.png",
    "Charged Dash": "\/imgs\/skills\/Charged_Dash.png",
    "Ancestral Warchief": "\/imgs\/skills\/Ancestral_Warchief.png",
    "Anger": "\/imgs\/skills\/Anger.png",
    "Animate Guardian": "\/imgs\/skills\/Animate_Guardian.png",
    "Animate Weapon": "\/imgs\/skills\/Animate_Weapon.png",
    "Arc": "\/imgs\/skills\/Arc.png",
    "Arctic Armour": "\/imgs\/skills\/Arctic_Armour.png",
    "Arctic Breath": "\/imgs\/skills\/Arctic_Breath.png",
    "Assassin's Mark": "\/imgs\/skills\/Assassin's_Mark.png",
    "Attack": "\/imgs\/skills\/Attack.png",
    "Ball Lightning": "\/imgs\/skills\/Ball_Lightning.png",
    "Barrage": "\/imgs\/skills\/Barrage.png",
    "Bear Trap": "\/imgs\/skills\/Bear_Trap.png",
    "Blade Flurry": "\/imgs\/skills\/Blade_Flurry.png",
    "Blade Vortex": "\/imgs\/skills\/Blade_Vortex.png",
    "Bladefall": "\/imgs\/skills\/Bladefall.png",
    "Blast Rain": "\/imgs\/skills\/Blast_Rain.png",
    "Blight": "\/imgs\/skills\/Blight.png",
    "Blink Arrow": "\/imgs\/skills\/Blink_Arrow.png",
    "Blood Rage": "\/imgs\/skills\/Blood_Rage.png",
    "Bone Nova": "\/imgs\/skills\/Bone_Nova.png",
    "Bone Offering": "\/imgs\/skills\/Bone_Offering.png",
    "Bone Roil": "\/imgs\/skills\/Bone_Roil.png",
    "Burning Arrow": "\/imgs\/skills\/Burning_Arrow.png",
    "Caustic Arrow": "\/imgs\/skills\/Caustic_Arrow.png",
    "Clarity": "\/imgs\/skills\/Clarity.png",
    "Cleave": "\/imgs\/skills\/Cleave.png",
    "Cold Snap": "\/imgs\/skills\/Cold_Snap.png",
    "Commandment of Blades": "\/imgs\/skills\/Commandment_of_Blades.png",
    "Commandment of Flames": "\/imgs\/skills\/Commandment_of_Flames.png",
    "Commandment of Force": "\/imgs\/skills\/Commandment_of_Force.png",
    "Commandment of Frost": "\/imgs\/skills\/Commandment_of_Frost.png",
    "Commandment of Fury": "\/imgs\/skills\/Commandment_of_Fury.png",
    "Commandment of Inferno": "\/imgs\/skills\/Commandment_of_Inferno.png",
    "Commandment of Light": "\/imgs\/skills\/Commandment_of_Light.png",
    "Commandment of Reflection": "\/imgs\/skills\/Commandment_of_Reflection.png",
    "Commandment of Spite": "\/imgs\/skills\/Commandment_of_Spite.png",
    "Commandment of the Tempest": "\/imgs\/skills\/Commandment_of_the_Tempest.png",
    "Commandment of Thunder": "\/imgs\/skills\/Commandment_of_Thunder.png",
    "Commandment of War": "\/imgs\/skills\/Commandment_of_War.png",
    "Commandment of Winter": "\/imgs\/skills\/Commandment_of_Winter.png",
    "Conductivity": "\/imgs\/skills\/Conductivity.png",
    "Contagion": "\/imgs\/skills\/Contagion.png",
    "Conversion Trap": "\/imgs\/skills\/Conversion_Trap.png",
    "Convocation": "\/imgs\/skills\/Convocation.png",
    "Cyclone": "\/imgs\/skills\/Cyclone.png",
    "Decoy Totem": "\/imgs\/skills\/Decoy_Totem.png",
    "Desecrate": "\/imgs\/skills\/Desecrate.png",
    "Determination": "\/imgs\/skills\/Determination.png",
    "Detonate Dead": "\/imgs\/skills\/Detonate_Dead.png",
    "Detonate Mines": "\/imgs\/skills\/Detonate_Mines.png",
    "Devouring Totem": "\/imgs\/skills\/Devouring_Totem.png",
    "Discharge": "\/imgs\/skills\/Discharge.png",
    "Discipline": "\/imgs\/skills\/Discipline.png",
    "Dominating Blow": "\/imgs\/skills\/Dominating_Blow.png",
    "Double Strike": "\/imgs\/skills\/Double_Strike.png",
    "Dual Strike": "\/imgs\/skills\/Dual_Strike.png",
    "Earthquake": "\/imgs\/skills\/Earthquake.png",
    "Edict of Blades": "\/imgs\/skills\/Edict_of_Blades.png",
    "Edict of Flames": "\/imgs\/skills\/Edict_of_Flames.png",
    "Edict of Force": "\/imgs\/skills\/Edict_of_Force.png",
    "Edict of Frost": "\/imgs\/skills\/Edict_of_Frost.png",
    "Edict of Fury": "\/imgs\/skills\/Edict_of_Fury.png",
    "Edict of Inferno": "\/imgs\/skills\/Edict_of_Inferno.png",
    "Edict of Light": "\/imgs\/skills\/Edict_of_Light.png",
    "Edict of Reflection": "\/imgs\/skills\/Edict_of_Reflection.png",
    "Edict of Spite": "\/imgs\/skills\/Edict_of_Spite.png",
    "Edict of the Tempest": "\/imgs\/skills\/Edict_of_the_Tempest.png",
    "Edict of Thunder": "\/imgs\/skills\/Edict_of_Thunder.png",
    "Edict of War": "\/imgs\/skills\/Edict_of_War.png",
    "Edict of Winter": "\/imgs\/skills\/Edict_of_Winter.png",
    "Elemental Hit": "\/imgs\/skills\/Elemental_Hit.png",
    "Elemental Weakness": "\/imgs\/skills\/Elemental_Weakness.png",
    "Enduring Cry": "\/imgs\/skills\/Enduring_Cry.png",
    "Enfeeble": "\/imgs\/skills\/Enfeeble.png",
    "Envy": "\/imgs\/skills\/Envy.png",
    "Essence Drain": "\/imgs\/skills\/Essence_Drain.png",
    "Ethereal Knives": "\/imgs\/skills\/Ethereal_Knives.png",
    "Explosive Arrow": "\/imgs\/skills\/Explosive_Arrow.png",
    "Fire Burst": "\/imgs\/skills\/Fire_Burst.png",
    "Fire Nova Mine": "\/imgs\/skills\/Fire_Nova_Mine.png",
    "Fire Trap": "\/imgs\/skills\/Fire_Trap.png",
    "Fireball": "\/imgs\/skills\/Fireball.png",
    "Firestorm": "\/imgs\/skills\/Firestorm.png",
    "Flame Dash": "\/imgs\/skills\/Flame_Dash.png",
    "Flame Surge": "\/imgs\/skills\/Flame_Surge.png",
    "Flame Totem": "\/imgs\/skills\/Flame_Totem.png",
    "Flameblast": "\/imgs\/skills\/Flameblast.png",
    "Flammability": "\/imgs\/skills\/Flammability.png",
    "Flesh Offering": "\/imgs\/skills\/Flesh_Offering.png",
    "Flicker Strike": "\/imgs\/skills\/Flicker_Strike.png",
    "Freeze Mine": "\/imgs\/skills\/Freeze_Mine.png",
    "Freezing Pulse": "\/imgs\/skills\/Freezing_Pulse.png",
    "Frenzy": "\/imgs\/skills\/Frenzy.png",
    "Frost Blades": "\/imgs\/skills\/Frost_Blades.png",
    "Frost Bomb": "\/imgs\/skills\/Frost_Bomb.png",
    "Frost Wall": "\/imgs\/skills\/Frost_Wall.png",
    "Frostbite": "\/imgs\/skills\/Frostbite.png",
    "Frostbolt": "\/imgs\/skills\/Frostbolt.png",
    "Glacial Cascade": "\/imgs\/skills\/Glacial_Cascade.png",
    "Glacial Hammer": "\/imgs\/skills\/Glacial_Hammer.png",
    "Gluttony of Elements": "\/imgs\/skills\/Gluttony_of_Elements.png",
    "Grace": "\/imgs\/skills\/Grace.png",
    "Ground Slam": "\/imgs\/skills\/Ground_Slam.png",
    "Haste": "\/imgs\/skills\/Haste.png",
    "Hatred": "\/imgs\/skills\/Hatred.png",
    "Heavy Strike": "\/imgs\/skills\/Heavy_Strike.png",
    "Herald of Ash": "\/imgs\/skills\/Herald_of_Ash.png",
    "Herald of Ice": "\/imgs\/skills\/Herald_of_Ice.png",
    "Herald of Thunder": "\/imgs\/skills\/Herald_of_Thunder.png",
    "Ice Crash": "\/imgs\/skills\/Ice_Crash.png",
    "Ice Nova": "\/imgs\/skills\/Ice_Nova.png",
    "Ice Shot": "\/imgs\/skills\/Ice_Shot.png",
    "Ice Spear": "\/imgs\/skills\/Ice_Spear.png",
    "Ice Trap": "\/imgs\/skills\/Ice_Trap.png",
    "Icestorm": "\/imgs\/skills\/Icestorm.png",
    "Illusory Warp": "\/imgs\/skills\/Illusory_Warp.png",
    "Immortal Call": "\/imgs\/skills\/Immortal_Call.png",
    "Incinerate": "\/imgs\/skills\/Incinerate.png",
    "Infernal Blow": "\/imgs\/skills\/Infernal_Blow.png",
    "Kinetic Blast": "\/imgs\/skills\/Kinetic_Blast.png",
    "Lacerate": "\/imgs\/skills\/Lacerate.png",
    "Leap Slam": "\/imgs\/skills\/Leap_Slam.png",
    "Lightning Arrow": "\/imgs\/skills\/Lightning_Arrow.png",
    "Lightning Bolt": "\/imgs\/skills\/Lightning_Bolt.png",
    "Lightning Strike": "\/imgs\/skills\/Lightning_Strike.png",
    "Lightning Tendrils": "\/imgs\/skills\/Lightning_Tendrils.png",
    "Lightning Trap": "\/imgs\/skills\/Lightning_Trap.png",
    "Lightning Warp": "\/imgs\/skills\/Lightning_Warp.png",
    "Magma Orb": "\/imgs\/skills\/Magma_Orb.png",
    "Manifest Dancing Dervish": "\/imgs\/skills\/Manifest_Dancing_Dervish.png",
    "Mirror Arrow": "\/imgs\/skills\/Mirror_Arrow.png",
    "Molten Burst": "\/imgs\/skills\/Molten_Burst.png",
    "Molten Shell": "\/imgs\/skills\/Molten_Shell.png",
    "Molten Strike": "\/imgs\/skills\/Molten_Strike.png",
    "Of Blades": "\/imgs\/skills\/Of_Blades.png",
    "Of Flames": "\/imgs\/skills\/Of_Flames.png",
    "Of Force": "\/imgs\/skills\/Of_Force.png",
    "Of Frost": "\/imgs\/skills\/Of_Frost.png",
    "Of Fury": "\/imgs\/skills\/Of_Fury.png",
    "Of Inferno": "\/imgs\/skills\/Of_Inferno.png",
    "Of Ire": "\/imgs\/skills\/Of_Ire.png",
    "Of Light": "\/imgs\/skills\/Of_Light.png",
    "Of Reflection": "\/imgs\/skills\/Of_Reflection.png",
    "Of Spite": "\/imgs\/skills\/Of_Spite.png",
    "Of the Tempest": "\/imgs\/skills\/Of_the_Tempest.png",
    "Of Thunder": "\/imgs\/skills\/Of_Thunder.png",
    "Of War": "\/imgs\/skills\/Of_War.png",
    "Of Winter": "\/imgs\/skills\/Of_Winter.png",
    "Orb of Storms": "\/imgs\/skills\/Orb_of_Storms.png",
    "Phase Run": "\/imgs\/skills\/Phase_Run.png",
    "Poacher's Mark": "\/imgs\/skills\/Poacher's_Mark.png",
    "Portal": "\/imgs\/skills\/Portal.png",
    "Power Siphon": "\/imgs\/skills\/Power_Siphon.png",
    "Projectile Weakness": "\/imgs\/skills\/Projectile_Weakness.png",
    "Puncture": "\/imgs\/skills\/Puncture.png",
    "Punishment": "\/imgs\/skills\/Punishment.png",
    "Purity of Elements": "\/imgs\/skills\/Purity_of_Elements.png",
    "Purity of Fire": "\/imgs\/skills\/Purity_of_Fire.png",
    "Purity of Ice": "\/imgs\/skills\/Purity_of_Ice.png",
    "Purity of Lightning": "\/imgs\/skills\/Purity_of_Lightning.png",
    "Rain of Arrows": "\/imgs\/skills\/Rain_of_Arrows.png",
    "Raise Spectre": "\/imgs\/skills\/Raise_Spectre.png",
    "Raise Spiders": "\/imgs\/skills\/Raise_Spiders.png",
    "Raise Zombie": "\/imgs\/skills\/Raise_Zombie.png",
    "Rallying Cry": "\/imgs\/skills\/Rallying_Cry.png",
    "Reave": "\/imgs\/skills\/Reave.png",
    "Reckoning": "\/imgs\/skills\/Reckoning.png",
    "Rejuvenation Totem": "\/imgs\/skills\/Rejuvenation_Totem.png",
    "Righteous Fire": "\/imgs\/skills\/Righteous_Fire.png",
    "Riposte": "\/imgs\/skills\/Riposte.png",
    "Scorching Ray": "\/imgs\/skills\/Scorching_Ray.png",
    "Searing Bond": "\/imgs\/skills\/Searing_Bond.png",
    "Shield Charge": "\/imgs\/skills\/Shield_Charge.png",
    "Shock Nova": "\/imgs\/skills\/Shock_Nova.png",
    "Shockwave Totem": "\/imgs\/skills\/Shockwave_Totem.png",
    "Shrapnel Shot": "\/imgs\/skills\/Shrapnel_Shot.png",
    "Siege Ballista": "\/imgs\/skills\/Siege_Ballista.png",
    "Smoke Mine": "\/imgs\/skills\/Smoke_Mine.png",
    "Spark": "\/imgs\/skills\/Spark.png",
    "Spectral Spirits": "\/imgs\/skills\/Spectral_Spirits.png",
    "Spectral Throw": "\/imgs\/skills\/Spectral_Throw.png",
    "Spectral Shield Throw": "\/imgs\/skills\/Thrown_Shield.png",
    "Spirit Offering": "\/imgs\/skills\/Spirit_Offering.png",
    "Split Arrow": "\/imgs\/skills\/Split_Arrow.png",
    "Static Strike": "\/imgs\/skills\/Static_Strike.png",
    "Storm Call": "\/imgs\/skills\/Storm_Call.png",
    "Summon Chaos Golem": "\/imgs\/skills\/Summon_Chaos_Golem.png",
    "Summon Flame Golem": "\/imgs\/skills\/Summon_Flame_Golem.png",
    "Summon Ice Golem": "\/imgs\/skills\/Summon_Ice_Golem.png",
    "Summon Lightning Golem": "\/imgs\/skills\/Summon_Lightning_Golem.png",
    "Summon Raging Spirit": "\/imgs\/skills\/Summon_Raging_Spirit.png",
    "Summon Skeletons": "\/imgs\/skills\/Summon_Skeletons.png",
    "Summon Spectral Wolf": "\/imgs\/skills\/Summon_Spectral_Wolf.png",
    "Summon Stone Golem": "\/imgs\/skills\/Summon_Stone_Golem.png",
    "Sunder": "\/imgs\/skills\/Sunder.png",
    "Sweep": "\/imgs\/skills\/Sweep.png",
    "Tempest Shield": "\/imgs\/skills\/Tempest_Shield.png",
    "Temporal Chains": "\/imgs\/skills\/Temporal_Chains.png",
    "Tornado Shot": "\/imgs\/skills\/Tornado_Shot.png",
    "Tectonic Slam": "\/imgs\/skills\/Tectonic_Slam.png",
    "Vaal Arc": "\/imgs\/skills\/Vaal_Arc.png",
    "Vaal Breach": "\/imgs\/skills\/Vaal_Breach.png",
    "Vaal Burning Arrow": "\/imgs\/skills\/Vaal_Burning_Arrow.png",
    "Vaal Clarity": "\/imgs\/skills\/Vaal_Clarity.png",
    "Vaal Cold Snap": "\/imgs\/skills\/Vaal_Cold_Snap.png",
    "Vaal Cyclone": "\/imgs\/skills\/Vaal_Cyclone.png",
    "Vaal Detonate Dead": "\/imgs\/skills\/Vaal_Detonate_Dead.png",
    "Vaal Discipline": "\/imgs\/skills\/Vaal_Discipline.png",
    "Vaal Double Strike": "\/imgs\/skills\/Vaal_Double_Strike.png",
    "Vaal Fireball": "\/imgs\/skills\/Vaal_Fireball.png",
    "Vaal Flameblast": "\/imgs\/skills\/Vaal_Flameblast.png",
    "Vaal Glacial Hammer": "\/imgs\/skills\/Vaal_Glacial_Hammer.png",
    "Vaal Grace": "\/imgs\/skills\/Vaal_Grace.png",
    "Vaal Ground Slam": "\/imgs\/skills\/Vaal_Ground_Slam.png",
    "Vaal Haste": "\/imgs\/skills\/Vaal_Haste.png",
    "Vaal Ice Nova": "\/imgs\/skills\/Vaal_Ice_Nova.png",
    "Vaal Immortal Call": "\/imgs\/skills\/Vaal_Immortal_Call.png",
    "Vaal Lightning Strike": "\/imgs\/skills\/Vaal_Lightning_Strike.png",
    "Vaal Lightning Trap": "\/imgs\/skills\/Vaal_Lightning_Trap.png",
    "Vaal Lightning Warp": "\/imgs\/skills\/Vaal_Lightning_Warp.png",
    "Vaal Molten Shell": "\/imgs\/skills\/Vaal_Molten_Shell.png",
    "Vaal Power Siphon": "\/imgs\/skills\/Vaal_Power_Siphon.png",
    "Vaal Rain of Arrows": "\/imgs\/skills\/Vaal_Rain_of_Arrows.png",
    "Vaal Reave": "\/imgs\/skills\/Vaal_Reave.png",
    "Vaal Righteous Fire": "\/imgs\/skills\/Vaal_Righteous_Fire.png",
    "Vaal Spark": "\/imgs\/skills\/Vaal_Spark.png",
    "Vaal Spectral Throw": "\/imgs\/skills\/Vaal_Spectral_Throw.png",
    "Vaal Storm Call": "\/imgs\/skills\/Vaal_Storm_Call.png",
    "Vaal Summon Skeletons": "\/imgs\/skills\/Vaal_Summon_Skeletons.png",
    "Vengeance": "\/imgs\/skills\/Vengeance.png",
    "Vigilant Strike": "\/imgs\/skills\/Vigilant_Strike.png",
    "Viper Strike": "\/imgs\/skills\/Viper_Strike.png",
    "Vitality": "\/imgs\/skills\/Vitality.png",
    "Vortex": "\/imgs\/skills\/Vortex.png",
    "Vulnerability": "\/imgs\/skills\/Vulnerability.png",
    "Warlord's Mark": "\/imgs\/skills\/Warlord's_Mark.png",
    "Whirling Blades": "\/imgs\/skills\/Whirling_Blades.png",
    "Wild Strike": "\/imgs\/skills\/Wild_Strike.png",
    "Wither": "\/imgs\/skills\/Wither.png",
    "Word of Blades": "\/imgs\/skills\/Word_of_Blades.png",
    "Word of Flames": "\/imgs\/skills\/Word_of_Flames.png",
    "Word of Force": "\/imgs\/skills\/Word_of_Force.png",
    "Word of Frost": "\/imgs\/skills\/Word_of_Frost.png",
    "Word of Fury": "\/imgs\/skills\/Word_of_Fury.png",
    "Word of Inferno": "\/imgs\/skills\/Word_of_Inferno.png",
    "Word of Light": "\/imgs\/skills\/Word_of_Light.png",
    "Word of Reflection": "\/imgs\/skills\/Word_of_Reflection.png",
    "Word of Spite": "\/imgs\/skills\/Word_of_Spite.png",
    "Word of the Tempest": "\/imgs\/skills\/Word_of_the_Tempest.png",
    "Word of Thunder": "\/imgs\/skills\/Word_of_Thunder.png",
    "Word of War": "\/imgs\/skills\/Word_of_War.png",
    "Word of Winter": "\/imgs\/skills\/Word_of_Winter.png",
    "Wrath": "\/imgs\/skills\/Wrath.png",

    "Volatile Dead": "\/imgs\/skills\/Volatile_Dead_skill_icon.png",
    "Despair": "\/imgs\/skills\/Despair_skill_icon.png",
    "Bodyswap": "\/imgs\/skills\/Bodyswap_skill_icon.png",
    "Cremation": "\/imgs\/skills\/Cremation_skill_icon.png",
    "Unearth": "\/imgs\/skills\/Unearth_skill_icon.png"
}
